[{"model": "admin.logentry", "pk": 1, "fields": {"action_time": "2021-04-08T06:34:10.687Z", "user": 1, "content_type": 7, "object_id": "1", "object_repr": "Gender object (1)", "action_flag": 1, "change_message": "[{\"added\": {}}]"}}, {"model": "admin.logentry", "pk": 2, "fields": {"action_time": "2021-04-08T06:34:18.307Z", "user": 1, "content_type": 7, "object_id": "2", "object_repr": "Gender object (2)", "action_flag": 1, "change_message": "[{\"added\": {}}]"}}, {"model": "admin.logentry", "pk": 3, "fields": {"action_time": "2021-04-08T06:34:33.739Z", "user": 1, "content_type": 9, "object_id": "1", "object_repr": "City object (1)", "action_flag": 1, "change_message": "[{\"added\": {}}]"}}, {"model": "admin.logentry", "pk": 4, "fields": {"action_time": "2021-04-08T06:34:45.609Z", "user": 1, "content_type": 8, "object_id": "1", "object_repr": "State object (1)", "action_flag": 1, "change_message": "[{\"added\": {}}]"}}, {"model": "admin.logentry", "pk": 5, "fields": {"action_time": "2021-04-08T06:36:58.612Z", "user": 1, "content_type": 10, "object_id": "1", "object_repr": "admin", "action_flag": 1, "change_message": "[{\"added\": {}}]"}}, {"model": "admin.logentry", "pk": 6, "fields": {"action_time": "2021-04-08T06:37:08.035Z", "user": 1, "content_type": 12, "object_id": "1", "object_repr": "admin", "action_flag": 1, "change_message": "[{\"added\": {}}]"}}, {"model": "admin.logentry", "pk": 7, "fields": {"action_time": "2021-04-08T06:41:37.334Z", "user": 1, "content_type": 13, "object_id": "4", "object_repr": "admin", "action_flag": 1, "change_message": "[{\"added\": {}}]"}}, {"model": "admin.logentry", "pk": 8, "fields": {"action_time": "2021-04-08T06:44:52.768Z", "user": 1, "content_type": 13, "object_id": "4", "object_repr": "admin", "action_flag": 2, "change_message": "[{\"changed\": {\"fields\": [\"Sub tree\"]}}]"}}, {"model": "admin.logentry", "pk": 9, "fields": {"action_time": "2021-04-08T06:45:26.848Z", "user": 1, "content_type": 13, "object_id": "4", "object_repr": "admin", "action_flag": 3, "change_message": ""}}, {"model": "admin.logentry", "pk": 10, "fields": {"action_time": "2021-04-08T06:45:26.873Z", "user": 1, "content_type": 13, "object_id": "3", "object_repr": "member30", "action_flag": 3, "change_message": ""}}, {"model": "admin.logentry", "pk": 11, "fields": {"action_time": "2021-04-08T06:45:26.900Z", "user": 1, "content_type": 13, "object_id": "2", "object_repr": "member2", "action_flag": 3, "change_message": ""}}, {"model": "admin.logentry", "pk": 12, "fields": {"action_time": "2021-04-08T06:45:26.920Z", "user": 1, "content_type": 13, "object_id": "1", "object_repr": "member1", "action_flag": 3, "change_message": ""}}, {"model": "admin.logentry", "pk": 13, "fields": {"action_time": "2021-04-08T06:45:40.983Z", "user": 1, "content_type": 4, "object_id": "2", "object_repr": "member1", "action_flag": 3, "change_message": ""}}, {"model": "admin.logentry", "pk": 14, "fields": {"action_time": "2021-04-08T06:45:41.013Z", "user": 1, "content_type": 4, "object_id": "3", "object_repr": "member2", "action_flag": 3, "change_message": ""}}, {"model": "admin.logentry", "pk": 15, "fields": {"action_time": "2021-04-08T06:45:41.044Z", "user": 1, "content_type": 4, "object_id": "4", "object_repr": "member30", "action_flag": 3, "change_message": ""}}, {"model": "admin.logentry", "pk": 16, "fields": {"action_time": "2021-04-08T06:46:18.033Z", "user": 1, "content_type": 13, "object_id": "5", "object_repr": "admin", "action_flag": 1, "change_message": "[{\"added\": {}}]"}}, {"model": "auth.permission", "pk": 1, "fields": {"name": "Can add log entry", "content_type": 1, "codename": "add_logentry"}}, {"model": "auth.permission", "pk": 2, "fields": {"name": "Can change log entry", "content_type": 1, "codename": "change_logentry"}}, {"model": "auth.permission", "pk": 3, "fields": {"name": "Can delete log entry", "content_type": 1, "codename": "delete_logentry"}}, {"model": "auth.permission", "pk": 4, "fields": {"name": "Can view log entry", "content_type": 1, "codename": "view_logentry"}}, {"model": "auth.permission", "pk": 5, "fields": {"name": "Can add permission", "content_type": 2, "codename": "add_permission"}}, {"model": "auth.permission", "pk": 6, "fields": {"name": "Can change permission", "content_type": 2, "codename": "change_permission"}}, {"model": "auth.permission", "pk": 7, "fields": {"name": "Can delete permission", "content_type": 2, "codename": "delete_permission"}}, {"model": "auth.permission", "pk": 8, "fields": {"name": "Can view permission", "content_type": 2, "codename": "view_permission"}}, {"model": "auth.permission", "pk": 9, "fields": {"name": "Can add group", "content_type": 3, "codename": "add_group"}}, {"model": "auth.permission", "pk": 10, "fields": {"name": "Can change group", "content_type": 3, "codename": "change_group"}}, {"model": "auth.permission", "pk": 11, "fields": {"name": "Can delete group", "content_type": 3, "codename": "delete_group"}}, {"model": "auth.permission", "pk": 12, "fields": {"name": "Can view group", "content_type": 3, "codename": "view_group"}}, {"model": "auth.permission", "pk": 13, "fields": {"name": "Can add user", "content_type": 4, "codename": "add_user"}}, {"model": "auth.permission", "pk": 14, "fields": {"name": "Can change user", "content_type": 4, "codename": "change_user"}}, {"model": "auth.permission", "pk": 15, "fields": {"name": "Can delete user", "content_type": 4, "codename": "delete_user"}}, {"model": "auth.permission", "pk": 16, "fields": {"name": "Can view user", "content_type": 4, "codename": "view_user"}}, {"model": "auth.permission", "pk": 17, "fields": {"name": "Can add content type", "content_type": 5, "codename": "add_contenttype"}}, {"model": "auth.permission", "pk": 18, "fields": {"name": "Can change content type", "content_type": 5, "codename": "change_contenttype"}}, {"model": "auth.permission", "pk": 19, "fields": {"name": "Can delete content type", "content_type": 5, "codename": "delete_contenttype"}}, {"model": "auth.permission", "pk": 20, "fields": {"name": "Can view content type", "content_type": 5, "codename": "view_contenttype"}}, {"model": "auth.permission", "pk": 21, "fields": {"name": "Can add session", "content_type": 6, "codename": "add_session"}}, {"model": "auth.permission", "pk": 22, "fields": {"name": "Can change session", "content_type": 6, "codename": "change_session"}}, {"model": "auth.permission", "pk": 23, "fields": {"name": "Can delete session", "content_type": 6, "codename": "delete_session"}}, {"model": "auth.permission", "pk": 24, "fields": {"name": "Can view session", "content_type": 6, "codename": "view_session"}}, {"model": "auth.permission", "pk": 25, "fields": {"name": "Can add gender", "content_type": 7, "codename": "add_gender"}}, {"model": "auth.permission", "pk": 26, "fields": {"name": "Can change gender", "content_type": 7, "codename": "change_gender"}}, {"model": "auth.permission", "pk": 27, "fields": {"name": "Can delete gender", "content_type": 7, "codename": "delete_gender"}}, {"model": "auth.permission", "pk": 28, "fields": {"name": "Can view gender", "content_type": 7, "codename": "view_gender"}}, {"model": "auth.permission", "pk": 29, "fields": {"name": "Can add state", "content_type": 8, "codename": "add_state"}}, {"model": "auth.permission", "pk": 30, "fields": {"name": "Can change state", "content_type": 8, "codename": "change_state"}}, {"model": "auth.permission", "pk": 31, "fields": {"name": "Can delete state", "content_type": 8, "codename": "delete_state"}}, {"model": "auth.permission", "pk": 32, "fields": {"name": "Can view state", "content_type": 8, "codename": "view_state"}}, {"model": "auth.permission", "pk": 33, "fields": {"name": "Can add city", "content_type": 9, "codename": "add_city"}}, {"model": "auth.permission", "pk": 34, "fields": {"name": "Can change city", "content_type": 9, "codename": "change_city"}}, {"model": "auth.permission", "pk": 35, "fields": {"name": "Can delete city", "content_type": 9, "codename": "delete_city"}}, {"model": "auth.permission", "pk": 36, "fields": {"name": "Can view city", "content_type": 9, "codename": "view_city"}}, {"model": "auth.permission", "pk": 37, "fields": {"name": "Can add profile", "content_type": 10, "codename": "add_profile"}}, {"model": "auth.permission", "pk": 38, "fields": {"name": "Can change profile", "content_type": 10, "codename": "change_profile"}}, {"model": "auth.permission", "pk": 39, "fields": {"name": "Can delete profile", "content_type": 10, "codename": "delete_profile"}}, {"model": "auth.permission", "pk": 40, "fields": {"name": "Can view profile", "content_type": 10, "codename": "view_profile"}}, {"model": "auth.permission", "pk": 41, "fields": {"name": "Can add auto pool_ profile", "content_type": 11, "codename": "add_autopool_profile"}}, {"model": "auth.permission", "pk": 42, "fields": {"name": "Can change auto pool_ profile", "content_type": 11, "codename": "change_autopool_profile"}}, {"model": "auth.permission", "pk": 43, "fields": {"name": "Can delete auto pool_ profile", "content_type": 11, "codename": "delete_autopool_profile"}}, {"model": "auth.permission", "pk": 44, "fields": {"name": "Can view auto pool_ profile", "content_type": 11, "codename": "view_autopool_profile"}}, {"model": "auth.permission", "pk": 45, "fields": {"name": "Can add tree", "content_type": 12, "codename": "add_tree"}}, {"model": "auth.permission", "pk": 46, "fields": {"name": "Can change tree", "content_type": 12, "codename": "change_tree"}}, {"model": "auth.permission", "pk": 47, "fields": {"name": "Can delete tree", "content_type": 12, "codename": "delete_tree"}}, {"model": "auth.permission", "pk": 48, "fields": {"name": "Can view tree", "content_type": 12, "codename": "view_tree"}}, {"model": "auth.permission", "pk": 49, "fields": {"name": "Can add auto tree", "content_type": 13, "codename": "add_autotree"}}, {"model": "auth.permission", "pk": 50, "fields": {"name": "Can change auto tree", "content_type": 13, "codename": "change_autotree"}}, {"model": "auth.permission", "pk": 51, "fields": {"name": "Can delete auto tree", "content_type": 13, "codename": "delete_autotree"}}, {"model": "auth.permission", "pk": 52, "fields": {"name": "Can view auto tree", "content_type": 13, "codename": "view_autotree"}}, {"model": "auth.permission", "pk": 53, "fields": {"name": "Can add deleted tree", "content_type": 14, "codename": "add_deletedtree"}}, {"model": "auth.permission", "pk": 54, "fields": {"name": "Can change deleted tree", "content_type": 14, "codename": "change_deletedtree"}}, {"model": "auth.permission", "pk": 55, "fields": {"name": "Can delete deleted tree", "content_type": 14, "codename": "delete_deletedtree"}}, {"model": "auth.permission", "pk": 56, "fields": {"name": "Can view deleted tree", "content_type": 14, "codename": "view_deletedtree"}}, {"model": "auth.user", "pk": 1, "fields": {"password": "pbkdf2_sha256$216000$d95b4qflNuxm$wWXCv8pVp2gxr1gQpqPwoBOUtjaF7ok14PE6UDiP5oA=", "last_login": "2021-04-08T06:31:21.680Z", "is_superuser": true, "username": "admin", "first_name": "", "last_name": "", "email": "", "is_staff": true, "is_active": true, "date_joined": "2021-04-08T06:30:56.012Z", "groups": [], "user_permissions": []}}, {"model": "auth.user", "pk": 5, "fields": {"password": "pbkdf2_sha256$216000$bAHEXJiJL6Gf$o8KXBU/RheInj7jmePOLd8NPvdcGzl4zEjST3yXvuPU=", "last_login": null, "is_superuser": false, "username": "member1", "first_name": "", "last_name": "", "email": "member1@gmail.com", "is_staff": false, "is_active": true, "date_joined": "2021-04-08T06:48:30.430Z", "groups": [], "user_permissions": []}}, {"model": "auth.user", "pk": 6, "fields": {"password": "pbkdf2_sha256$216000$S244HEViFhNn$G0WhyzSpw2/uiICKea4/oaz7k8D0S8HXV8UU25GtbTc=", "last_login": null, "is_superuser": false, "username": "member2", "first_name": "", "last_name": "", "email": "member2@gmail.com", "is_staff": false, "is_active": true, "date_joined": "2021-04-08T06:49:05.835Z", "groups": [], "user_permissions": []}}, {"model": "auth.user", "pk": 7, "fields": {"password": "pbkdf2_sha256$216000$pTpkiXfK4kzV$qGxVSGONpNhTXpSq8X5/2ZmkFUiE038ob1Slm6rYMVY=", "last_login": null, "is_superuser": false, "username": "member3", "first_name": "", "last_name": "", "email": "member3@gmail.com", "is_staff": false, "is_active": true, "date_joined": "2021-04-08T06:49:41.790Z", "groups": [], "user_permissions": []}}, {"model": "auth.user", "pk": 8, "fields": {"password": "pbkdf2_sha256$216000$Qu3xbaksAyKl$ig6rbyOLkMIYoWSeC9WWK2PGd46TvV49SV1G0lyKSUI=", "last_login": null, "is_superuser": false, "username": "member1.0", "first_name": "", "last_name": "", "email": "member1@gmail.com", "is_staff": false, "is_active": true, "date_joined": "2021-04-08T06:50:25.925Z", "groups": [], "user_permissions": []}}, {"model": "auth.user", "pk": 9, "fields": {"password": "pbkdf2_sha256$216000$s1ZsOGevo5H3$Sr/An9ZuX+kBWuGqruP52beLypvRW+234pAK3ogZqic=", "last_login": null, "is_superuser": false, "username": "member4", "first_name": "", "last_name": "", "email": "member4@gmail.com", "is_staff": false, "is_active": true, "date_joined": "2021-04-08T06:51:07.480Z", "groups": [], "user_permissions": []}}, {"model": "auth.user", "pk": 10, "fields": {"password": "pbkdf2_sha256$216000$gxOu8gM6SY18$8wtxGNEdOiQAwOTE8zqpe4vUUR8bBeWyFEfwTR2vo2M=", "last_login": null, "is_superuser": false, "username": "member1.1", "first_name": "", "last_name": "", "email": "member1@gmail.com", "is_staff": false, "is_active": true, "date_joined": "2021-04-08T06:51:54.375Z", "groups": [], "user_permissions": []}}, {"model": "auth.user", "pk": 11, "fields": {"password": "pbkdf2_sha256$216000$Rk6VuMvdyIxI$fZydNAqqDRK8YOpzYN0uZdSMQBJgE7NjCrSVnnsz7iU=", "last_login": null, "is_superuser": false, "username": "member1.2", "first_name": "", "last_name": "", "email": "admin@gmail.com", "is_staff": false, "is_active": true, "date_joined": "2021-04-08T06:52:11.965Z", "groups": [], "user_permissions": []}}, {"model": "auth.user", "pk": 12, "fields": {"password": "pbkdf2_sha256$216000$Rr7KjH1OC1Ez$K2BJ7mMb3Iygd1x4Mwz1/4ImAPpxpUFRTy7Gb8zt+84=", "last_login": null, "is_superuser": false, "username": "member1.1.0", "first_name": "", "last_name": "", "email": "admin@gmail.com", "is_staff": false, "is_active": true, "date_joined": "2021-04-08T06:52:34.691Z", "groups": [], "user_permissions": []}}, {"model": "auth.user", "pk": 13, "fields": {"password": "pbkdf2_sha256$216000$vWKv8G3H1gO1$B4aHAjjAtmnunxfE2lONMEP7Cm8Q7zyv0yEx/qlmyJs=", "last_login": null, "is_superuser": false, "username": "member1.1.1", "first_name": "", "last_name": "", "email": "admin@gmail.com", "is_staff": false, "is_active": true, "date_joined": "2021-04-08T06:52:52.959Z", "groups": [], "user_permissions": []}}, {"model": "contenttypes.contenttype", "pk": 1, "fields": {"app_label": "admin", "model": "logentry"}}, {"model": "contenttypes.contenttype", "pk": 2, "fields": {"app_label": "auth", "model": "permission"}}, {"model": "contenttypes.contenttype", "pk": 3, "fields": {"app_label": "auth", "model": "group"}}, {"model": "contenttypes.contenttype", "pk": 4, "fields": {"app_label": "auth", "model": "user"}}, {"model": "contenttypes.contenttype", "pk": 5, "fields": {"app_label": "contenttypes", "model": "contenttype"}}, {"model": "contenttypes.contenttype", "pk": 6, "fields": {"app_label": "sessions", "model": "session"}}, {"model": "contenttypes.contenttype", "pk": 7, "fields": {"app_label": "Neha", "model": "gender"}}, {"model": "contenttypes.contenttype", "pk": 8, "fields": {"app_label": "Neha", "model": "state"}}, {"model": "contenttypes.contenttype", "pk": 9, "fields": {"app_label": "Neha", "model": "city"}}, {"model": "contenttypes.contenttype", "pk": 10, "fields": {"app_label": "Neha", "model": "profile"}}, {"model": "contenttypes.contenttype", "pk": 11, "fields": {"app_label": "Neha", "model": "autopool_profile"}}, {"model": "contenttypes.contenttype", "pk": 12, "fields": {"app_label": "Neha", "model": "tree"}}, {"model": "contenttypes.contenttype", "pk": 13, "fields": {"app_label": "Neha", "model": "autotree"}}, {"model": "contenttypes.contenttype", "pk": 14, "fields": {"app_label": "Neha", "model": "deletedtree"}}, {"model": "sessions.session", "pk": "4rch8hzjp293t3jbjsglfm80oez9qydh", "fields": {"session_data": ".eJxVjEEOwiAQRe_C2hAG0DIu3fcMZIBBqgaS0q6Md7dNutDtf-_9t_C0LsWvnWc_JXEVIE6_W6D45LqD9KB6bzK2usxTkLsiD9rl2BK_bof7d1Col60OTme8sLIMGjEyB1KEhjMAoLHaAQdrnMENaDi7PGgTbVZZDzGknMTnC-RlODI:1lUOCH:x1n9anPvLbKRIODEORCIWvD6rIzVwV1xseqavE7sUC4", "expire_date": "2021-04-22T06:31:21.702Z"}}, {"model": "Neha.gender", "pk": 1, "fields": {"Name": "Male"}}, {"model": "Neha.gender", "pk": 2, "fields": {"Name": "Female"}}, {"model": "Neha.state", "pk": 1, "fields": {"state": "Uttar Pradesh"}}, {"model": "Neha.city", "pk": 1, "fields": {"city": "Noida"}}, {"model": "Neha.profile", "pk": 1, "fields": {"user": 1, "gender": 2, "DOB": "2021-04-08T06:36:58.609Z", "Address": "b-block", "pin_code": "302016", "city": 1, "state": 1, "first_name": "admin", "last_name": "admin", "phone": 123456789, "email": "admin@gmail.com", "profile_pic": "profile/angular.jpg", "pan_card": 12345, "created_at": "2021-04-08T06:36:58.611Z", "created_by": 1, "is_admin": true, "soft_delete": false}}, {"model": "Neha.profile", "pk": 5, "fields": {"user": 5, "gender": null, "DOB": "2021-04-08T06:48:30.667Z", "Address": null, "pin_code": null, "city": null, "state": null, "first_name": "", "last_name": "", "phone": 1235678, "email": "member1@gmail.com", "profile_pic": "default.png", "pan_card": null, "created_at": "2021-04-08T06:48:30.667Z", "created_by": 1, "is_admin": false, "soft_delete": false}}, {"model": "Neha.profile", "pk": 6, "fields": {"user": 6, "gender": null, "DOB": "2021-04-08T06:49:06.061Z", "Address": null, "pin_code": null, "city": null, "state": null, "first_name": "", "last_name": "", "phone": 123456789, "email": "member2@gmail.com", "profile_pic": "default.png", "pan_card": null, "created_at": "2021-04-08T06:49:06.062Z", "created_by": 1, "is_admin": false, "soft_delete": false}}, {"model": "Neha.profile", "pk": 7, "fields": {"user": 7, "gender": null, "DOB": "2021-04-08T06:49:42.008Z", "Address": null, "pin_code": null, "city": null, "state": null, "first_name": "", "last_name": "", "phone": 23457899, "email": "member3@gmail.com", "profile_pic": "default.png", "pan_card": null, "created_at": "2021-04-08T06:49:42.008Z", "created_by": 1, "is_admin": false, "soft_delete": false}}, {"model": "Neha.profile", "pk": 8, "fields": {"user": 8, "gender": null, "DOB": "2021-04-08T06:50:26.148Z", "Address": null, "pin_code": null, "city": null, "state": null, "first_name": "", "last_name": "", "phone": 123456789, "email": "member1@gmail.com", "profile_pic": "default.png", "pan_card": null, "created_at": "2021-04-08T06:50:26.148Z", "created_by": 1, "is_admin": false, "soft_delete": false}}, {"model": "Neha.profile", "pk": 9, "fields": {"user": 9, "gender": null, "DOB": "2021-04-08T06:51:07.698Z", "Address": null, "pin_code": null, "city": null, "state": null, "first_name": "", "last_name": "", "phone": 123456789, "email": "member4@gmail.com", "profile_pic": "default.png", "pan_card": null, "created_at": "2021-04-08T06:51:07.698Z", "created_by": 1, "is_admin": false, "soft_delete": false}}, {"model": "Neha.profile", "pk": 10, "fields": {"user": 10, "gender": null, "DOB": "2021-04-08T06:51:54.590Z", "Address": null, "pin_code": null, "city": null, "state": null, "first_name": "", "last_name": "", "phone": 123456789, "email": "member1@gmail.com", "profile_pic": "default.png", "pan_card": null, "created_at": "2021-04-08T06:51:54.590Z", "created_by": 1, "is_admin": false, "soft_delete": false}}, {"model": "Neha.profile", "pk": 11, "fields": {"user": 11, "gender": null, "DOB": "2021-04-08T06:52:12.170Z", "Address": null, "pin_code": null, "city": null, "state": null, "first_name": "", "last_name": "", "phone": 123456789, "email": "admin@gmail.com", "profile_pic": "default.png", "pan_card": null, "created_at": "2021-04-08T06:52:12.171Z", "created_by": 1, "is_admin": false, "soft_delete": false}}, {"model": "Neha.profile", "pk": 12, "fields": {"user": 12, "gender": null, "DOB": "2021-04-08T06:52:34.926Z", "Address": null, "pin_code": null, "city": null, "state": null, "first_name": "", "last_name": "", "phone": 123456789, "email": "admin@gmail.com", "profile_pic": "default.png", "pan_card": null, "created_at": "2021-04-08T06:52:34.926Z", "created_by": 1, "is_admin": false, "soft_delete": false}}, {"model": "Neha.profile", "pk": 13, "fields": {"user": 13, "gender": null, "DOB": "2021-04-08T06:52:53.188Z", "Address": null, "pin_code": null, "city": null, "state": null, "first_name": "", "last_name": "", "phone": 123456789, "email": "admin@gmail.com", "profile_pic": "default.png", "pan_card": null, "created_at": "2021-04-08T06:52:53.188Z", "created_by": 1, "is_admin": false, "soft_delete": false}}, {"model": "Neha.tree", "pk": 1, "fields": {"parent": 1, "sub_tree": [5, 6, 7, 9]}}, {"model": "Neha.tree", "pk": 5, "fields": {"parent": 5, "sub_tree": [8, 10, 11]}}, {"model": "Neha.tree", "pk": 6, "fields": {"parent": 6, "sub_tree": []}}, {"model": "Neha.tree", "pk": 7, "fields": {"parent": 7, "sub_tree": []}}, {"model": "Neha.tree", "pk": 8, "fields": {"parent": 8, "sub_tree": []}}, {"model": "Neha.tree", "pk": 9, "fields": {"parent": 9, "sub_tree": []}}, {"model": "Neha.tree", "pk": 10, "fields": {"parent": 10, "sub_tree": [12, 13]}}, {"model": "Neha.tree", "pk": 11, "fields": {"parent": 11, "sub_tree": []}}, {"model": "Neha.tree", "pk": 12, "fields": {"parent": 12, "sub_tree": []}}, {"model": "Neha.tree", "pk": 13, "fields": {"parent": 13, "sub_tree": []}}, {"model": "Neha.autotree", "pk": 5, "fields": {"parent": 1, "sub_tree": [6, 7, 8]}}, {"model": "Neha.autotree", "pk": 6, "fields": {"parent": 5, "sub_tree": [9, 10, 11]}}, {"model": "Neha.autotree", "pk": 7, "fields": {"parent": 6, "sub_tree": [12, 13, 14]}}, {"model": "Neha.autotree", "pk": 8, "fields": {"parent": 7, "sub_tree": []}}, {"model": "Neha.autotree", "pk": 9, "fields": {"parent": 8, "sub_tree": []}}, {"model": "Neha.autotree", "pk": 10, "fields": {"parent": 9, "sub_tree": []}}, {"model": "Neha.autotree", "pk": 11, "fields": {"parent": 10, "sub_tree": []}}, {"model": "Neha.autotree", "pk": 12, "fields": {"parent": 11, "sub_tree": []}}, {"model": "Neha.autotree", "pk": 13, "fields": {"parent": 12, "sub_tree": []}}, {"model": "Neha.autotree", "pk": 14, "fields": {"parent": 13, "sub_tree": []}}]